Year,Country,CountryCode,Variable,VariableCode,UnconsolidatedVariableCode,UnconsolidatedVariableName,Value,UnitType,Metadata
1990,Denmark,208,CIP score,cip,cip,CIP score,0.204583865509896,I,
1991,Denmark,208,CIP score,cip,cip,CIP score,0.202109367937161,I,
1992,Denmark,208,CIP score,cip,cip,CIP score,0.206867814748812,I,
1993,Denmark,208,CIP score,cip,cip,CIP score,0.197122414915696,I,
1994,Denmark,208,CIP score,cip,cip,CIP score,0.206468557909826,I,
1995,Denmark,208,CIP score,cip,cip,CIP score,0.212225487272563,I,
1996,Denmark,208,CIP score,cip,cip,CIP score,0.205194149680237,I,
1997,Denmark,208,CIP score,cip,cip,CIP score,0.212634753725553,I,
1998,Denmark,208,CIP score,cip,cip,CIP score,0.214181791911094,I,
1999,Denmark,208,CIP score,cip,cip,CIP score,0.211588457433771,I,
2000,Denmark,208,CIP score,cip,cip,CIP score,0.202088302864609,I,
2001,Denmark,208,CIP score,cip,cip,CIP score,0.207178679261973,I,
2002,Denmark,208,CIP score,cip,cip,CIP score,0.208320030627085,I,
2003,Denmark,208,CIP score,cip,cip,CIP score,0.213352163438517,I,
2004,Denmark,208,CIP score,cip,cip,CIP score,0.206279736802844,I,
2005,Denmark,208,CIP score,cip,cip,CIP score,0.200264166841753,I,
2006,Denmark,208,CIP score,cip,cip,CIP score,0.200774229886719,I,
2007,Denmark,208,CIP score,cip,cip,CIP score,0.199454046706013,I,
2008,Denmark,208,CIP score,cip,cip,CIP score,0.201519235100496,I,
2009,Denmark,208,CIP score,cip,cip,CIP score,0.202790074199056,I,
2010,Denmark,208,CIP score,cip,cip,CIP score,0.185581375332418,I,
2011,Denmark,208,CIP score,cip,cip,CIP score,0.18323252231327,I,
2012,Denmark,208,CIP score,cip,cip,CIP score,0.177102229898627,I,
2013,Denmark,208,CIP score,cip,cip,CIP score,0.180558647526212,I,
2014,Denmark,208,CIP score,cip,cip,CIP score,0.1787807344651,I,
2015,Denmark,208,CIP score,cip,cip,CIP score,0.160229193690151,I,
2016,Denmark,208,CIP score,cip,cip,CIP score,0.175535968565757,I,
2017,Denmark,208,CIP score,cip,cip,CIP score,0.17628745558115,I,
2018,Denmark,208,CIP score,cip,cip,CIP score,0.173039295013154,I,
2019,Denmark,208,CIP score,cip,cip,CIP score,0.176412870403677,I,
2020,Denmark,208,CIP score,cip,cip,CIP score,0.160830503990565,I,
2021,Denmark,208,CIP score,cip,cip,CIP score,0.157062042474971,I,
2022,Denmark,208,CIP score,cip,cip,CIP score,0.152189805510886,I,
2023,Denmark,208,CIP score,cip,cip,CIP score,0.172289654952313,I,
1990,Denmark,208,CIP rank,cipRank,cipRank,CIP rank,16.0,N,
1991,Denmark,208,CIP rank,cipRank,cipRank,CIP rank,17.0,N,
1992,Denmark,208,CIP rank,cipRank,cipRank,CIP rank,17.0,N,
1993,Denmark,208,CIP rank,cipRank,cipRank,CIP rank,18.0,N,
1994,Denmark,208,CIP rank,cipRank,cipRank,CIP rank,18.0,N,
1995,Denmark,208,CIP rank,cipRank,cipRank,CIP rank,18.0,N,
1996,Denmark,208,CIP rank,cipRank,cipRank,CIP rank,18.0,N,
1997,Denmark,208,CIP rank,cipRank,cipRank,CIP rank,18.0,N,
1998,Denmark,208,CIP rank,cipRank,cipRank,CIP rank,20.0,N,
1999,Denmark,208,CIP rank,cipRank,cipRank,CIP rank,20.0,N,
2000,Denmark,208,CIP rank,cipRank,cipRank,CIP rank,20.0,N,
2001,Denmark,208,CIP rank,cipRank,cipRank,CIP rank,20.0,N,
2002,Denmark,208,CIP rank,cipRank,cipRank,CIP rank,20.0,N,
2003,Denmark,208,CIP rank,cipRank,cipRank,CIP rank,20.0,N,
2004,Denmark,208,CIP rank,cipRank,cipRank,CIP rank,21.0,N,
2005,Denmark,208,CIP rank,cipRank,cipRank,CIP rank,21.0,N,
2006,Denmark,208,CIP rank,cipRank,cipRank,CIP rank,21.0,N,
2007,Denmark,208,CIP rank,cipRank,cipRank,CIP rank,20.0,N,
2008,Denmark,208,CIP rank,cipRank,cipRank,CIP rank,21.0,N,
2009,Denmark,208,CIP rank,cipRank,cipRank,CIP rank,20.0,N,
2010,Denmark,208,CIP rank,cipRank,cipRank,CIP rank,22.0,N,
2011,Denmark,208,CIP rank,cipRank,cipRank,CIP rank,22.0,N,
2012,Denmark,208,CIP rank,cipRank,cipRank,CIP rank,21.0,N,
2013,Denmark,208,CIP rank,cipRank,cipRank,CIP rank,21.0,N,
2014,Denmark,208,CIP rank,cipRank,cipRank,CIP rank,21.0,N,
2015,Denmark,208,CIP rank,cipRank,cipRank,CIP rank,21.0,N,
2016,Denmark,208,CIP rank,cipRank,cipRank,CIP rank,21.0,N,
2017,Denmark,208,CIP rank,cipRank,cipRank,CIP rank,21.0,N,
2018,Denmark,208,CIP rank,cipRank,cipRank,CIP rank,21.0,N,
2019,Denmark,208,CIP rank,cipRank,cipRank,CIP rank,20.0,N,
2020,Denmark,208,CIP rank,cipRank,cipRank,CIP rank,19.0,N,
2021,Denmark,208,CIP rank,cipRank,cipRank,CIP rank,18.0,N,
2022,Denmark,208,CIP rank,cipRank,cipRank,CIP rank,19.0,N,
2023,Denmark,208,CIP rank,cipRank,cipRank,CIP rank,17.0,N,
1990,Finland,246,CIP score,cip,cip,CIP score,0.177263841258837,I,
1991,Finland,246,CIP score,cip,cip,CIP score,0.158208299404977,I,
1992,Finland,246,CIP score,cip,cip,CIP score,0.159630488399173,I,
1993,Finland,246,CIP score,cip,cip,CIP score,0.163614089824952,I,
1994,Finland,246,CIP score,cip,cip,CIP score,0.180118802464513,I,
1995,Finland,246,CIP score,cip,cip,CIP score,0.195201512027938,I,
1996,Finland,246,CIP score,cip,cip,CIP score,0.197123951267519,I,
1997,Finland,246,CIP score,cip,cip,CIP score,0.200681562433935,I,
1998,Finland,246,CIP score,cip,cip,CIP score,0.215082858812792,I,
1999,Finland,246,CIP score,cip,cip,CIP score,0.215302690650442,I,
2000,Finland,246,CIP score,cip,cip,CIP score,0.222024326777629,I,
2001,Finland,246,CIP score,cip,cip,CIP score,0.22376392847549,I,
2002,Finland,246,CIP score,cip,cip,CIP score,0.221120954665442,I,
2003,Finland,246,CIP score,cip,cip,CIP score,0.232993642292182,I,
2004,Finland,246,CIP score,cip,cip,CIP score,0.226765192968663,I,
2005,Finland,246,CIP score,cip,cip,CIP score,0.227982718208274,I,
2006,Finland,246,CIP score,cip,cip,CIP score,0.235031370508589,I,
2007,Finland,246,CIP score,cip,cip,CIP score,0.243003464469342,I,
2008,Finland,246,CIP score,cip,cip,CIP score,0.240884851393007,I,
2009,Finland,246,CIP score,cip,cip,CIP score,0.204326942275072,I,
2010,Finland,246,CIP score,cip,cip,CIP score,0.200274058572354,I,
2011,Finland,246,CIP score,cip,cip,CIP score,0.184836971324233,I,
2012,Finland,246,CIP score,cip,cip,CIP score,0.166938096989694,I,
2013,Finland,246,CIP score,cip,cip,CIP score,0.166984228663468,I,
2014,Finland,246,CIP score,cip,cip,CIP score,0.161467744425437,I,
2015,Finland,246,CIP score,cip,cip,CIP score,0.140703471084106,I,
2016,Finland,246,CIP score,cip,cip,CIP score,0.144896468290017,I,
2017,Finland,246,CIP score,cip,cip,CIP score,0.149496496767355,I,
2018,Finland,246,CIP score,cip,cip,CIP score,0.143536950319863,I,
2019,Finland,246,CIP score,cip,cip,CIP score,0.142965905919607,I,
2020,Finland,246,CIP score,cip,cip,CIP score,0.128456322332755,I,
2021,Finland,246,CIP score,cip,cip,CIP score,0.121754265156161,I,
2022,Finland,246,CIP score,cip,cip,CIP score,0.115003935754746,I,
2023,Finland,246,CIP score,cip,cip,CIP score,0.124131365707637,I,
1990,Finland,246,CIP rank,cipRank,cipRank,CIP rank,19.0,N,
1991,Finland,246,CIP rank,cipRank,cipRank,CIP rank,19.0,N,
1992,Finland,246,CIP rank,cipRank,cipRank,CIP rank,20.0,N,
1993,Finland,246,CIP rank,cipRank,cipRank,CIP rank,20.0,N,
1994,Finland,246,CIP rank,cipRank,cipRank,CIP rank,19.0,N,
1995,Finland,246,CIP rank,cipRank,cipRank,CIP rank,19.0,N,
1996,Finland,246,CIP rank,cipRank,cipRank,CIP rank,19.0,N,
1997,Finland,246,CIP rank,cipRank,cipRank,CIP rank,20.0,N,
1998,Finland,246,CIP rank,cipRank,cipRank,CIP rank,19.0,N,
1999,Finland,246,CIP rank,cipRank,cipRank,CIP rank,19.0,N,
2000,Finland,246,CIP rank,cipRank,cipRank,CIP rank,19.0,N,
2001,Finland,246,CIP rank,cipRank,cipRank,CIP rank,19.0,N,
2002,Finland,246,CIP rank,cipRank,cipRank,CIP rank,19.0,N,
2003,Finland,246,CIP rank,cipRank,cipRank,CIP rank,18.0,N,
2004,Finland,246,CIP rank,cipRank,cipRank,CIP rank,19.0,N,
2005,Finland,246,CIP rank,cipRank,cipRank,CIP rank,19.0,N,
2006,Finland,246,CIP rank,cipRank,cipRank,CIP rank,18.0,N,
2007,Finland,246,CIP rank,cipRank,cipRank,CIP rank,18.0,N,
2008,Finland,246,CIP rank,cipRank,cipRank,CIP rank,18.0,N,
2009,Finland,246,CIP rank,cipRank,cipRank,CIP rank,19.0,N,
2010,Finland,246,CIP rank,cipRank,cipRank,CIP rank,21.0,N,
2011,Finland,246,CIP rank,cipRank,cipRank,CIP rank,21.0,N,
2012,Finland,246,CIP rank,cipRank,cipRank,CIP rank,23.0,N,
2013,Finland,246,CIP rank,cipRank,cipRank,CIP rank,23.0,N,
2014,Finland,246,CIP rank,cipRank,cipRank,CIP rank,23.0,N,
2015,Finland,246,CIP rank,cipRank,cipRank,CIP rank,25.0,N,
2016,Finland,246,CIP rank,cipRank,cipRank,CIP rank,25.0,N,
2017,Finland,246,CIP rank,cipRank,cipRank,CIP rank,24.0,N,
2018,Finland,246,CIP rank,cipRank,cipRank,CIP rank,25.0,N,
2019,Finland,246,CIP rank,cipRank,cipRank,CIP rank,24.0,N,
2020,Finland,246,CIP rank,cipRank,cipRank,CIP rank,24.0,N,
2021,Finland,246,CIP rank,cipRank,cipRank,CIP rank,25.0,N,
2022,Finland,246,CIP rank,cipRank,cipRank,CIP rank,27.0,N,
2023,Finland,246,CIP rank,cipRank,cipRank,CIP rank,27.0,N,
1990,Iceland,352,CIP score,cip,cip,CIP score,0.0337194602473214,I,
1991,Iceland,352,CIP score,cip,cip,CIP score,0.0317117419973853,I,
1992,Iceland,352,CIP score,cip,cip,CIP score,0.0300224055083319,I,
1993,Iceland,352,CIP score,cip,cip,CIP score,0.0325149688324091,I,
1994,Iceland,352,CIP score,cip,cip,CIP score,0.0353946328520494,I,
1995,Iceland,352,CIP score,cip,cip,CIP score,0.03737138482461,I,
1996,Iceland,352,CIP score,cip,cip,CIP score,0.0391252136019356,I,
1997,Iceland,352,CIP score,cip,cip,CIP score,0.0403600715073186,I,
1998,Iceland,352,CIP score,cip,cip,CIP score,0.0389384586591506,I,
1999,Iceland,352,CIP score,cip,cip,CIP score,0.0399851266410836,I,
2000,Iceland,352,CIP score,cip,cip,CIP score,0.0370524060487372,I,
2001,Iceland,352,CIP score,cip,cip,CIP score,0.0380830726406139,I,
2002,Iceland,352,CIP score,cip,cip,CIP score,0.037964290484819,I,
2003,Iceland,352,CIP score,cip,cip,CIP score,0.0396465598653585,I,
2004,Iceland,352,CIP score,cip,cip,CIP score,0.0403960728336766,I,
2005,Iceland,352,CIP score,cip,cip,CIP score,0.0388065368330334,I,
2006,Iceland,352,CIP score,cip,cip,CIP score,0.0381284793130381,I,
2007,Iceland,352,CIP score,cip,cip,CIP score,0.0434663004469703,I,
2008,Iceland,352,CIP score,cip,cip,CIP score,0.0402159806249304,I,
2009,Iceland,352,CIP score,cip,cip,CIP score,0.0413707266438094,I,
2010,Iceland,352,CIP score,cip,cip,CIP score,0.0374035490646804,I,
2011,Iceland,352,CIP score,cip,cip,CIP score,0.036010673076922,I,
2012,Iceland,352,CIP score,cip,cip,CIP score,0.0355698292632726,I,
2013,Iceland,352,CIP score,cip,cip,CIP score,0.0339662743828528,I,
2014,Iceland,352,CIP score,cip,cip,CIP score,0.0342834928634936,I,
2015,Iceland,352,CIP score,cip,cip,CIP score,0.0302676214446735,I,
2016,Iceland,352,CIP score,cip,cip,CIP score,0.0304100492299114,I,
2017,Iceland,352,CIP score,cip,cip,CIP score,0.027684860854883,I,
2018,Iceland,352,CIP score,cip,cip,CIP score,0.0287403565418729,I,
2019,Iceland,352,CIP score,cip,cip,CIP score,0.03004664673887,I,
2020,Iceland,352,CIP score,cip,cip,CIP score,0.0234923536764582,I,
2021,Iceland,352,CIP score,cip,cip,CIP score,0.0224491108813526,I,
2022,Iceland,352,CIP score,cip,cip,CIP score,0.0235671106269015,I,
2023,Iceland,352,CIP score,cip,cip,CIP score,0.0262655196950845,I,
1990,Iceland,352,CIP rank,cipRank,cipRank,CIP rank,64.0,N,
1991,Iceland,352,CIP rank,cipRank,cipRank,CIP rank,68.0,N,
1992,Iceland,352,CIP rank,cipRank,cipRank,CIP rank,70.0,N,
1993,Iceland,352,CIP rank,cipRank,cipRank,CIP rank,67.0,N,
1994,Iceland,352,CIP rank,cipRank,cipRank,CIP rank,62.0,N,
1995,Iceland,352,CIP rank,cipRank,cipRank,CIP rank,59.0,N,
1996,Iceland,352,CIP rank,cipRank,cipRank,CIP rank,59.0,N,
1997,Iceland,352,CIP rank,cipRank,cipRank,CIP rank,61.0,N,
1998,Iceland,352,CIP rank,cipRank,cipRank,CIP rank,63.0,N,
1999,Iceland,352,CIP rank,cipRank,cipRank,CIP rank,59.0,N,
2000,Iceland,352,CIP rank,cipRank,cipRank,CIP rank,62.0,N,
2001,Iceland,352,CIP rank,cipRank,cipRank,CIP rank,63.0,N,
2002,Iceland,352,CIP rank,cipRank,cipRank,CIP rank,65.0,N,
2003,Iceland,352,CIP rank,cipRank,cipRank,CIP rank,64.0,N,
2004,Iceland,352,CIP rank,cipRank,cipRank,CIP rank,65.0,N,
2005,Iceland,352,CIP rank,cipRank,cipRank,CIP rank,65.0,N,
2006,Iceland,352,CIP rank,cipRank,cipRank,CIP rank,69.0,N,
2007,Iceland,352,CIP rank,cipRank,cipRank,CIP rank,66.0,N,
2008,Iceland,352,CIP rank,cipRank,cipRank,CIP rank,71.0,N,
2009,Iceland,352,CIP rank,cipRank,cipRank,CIP rank,70.0,N,
2010,Iceland,352,CIP rank,cipRank,cipRank,CIP rank,73.0,N,
2011,Iceland,352,CIP rank,cipRank,cipRank,CIP rank,73.0,N,
2012,Iceland,352,CIP rank,cipRank,cipRank,CIP rank,73.0,N,
2013,Iceland,352,CIP rank,cipRank,cipRank,CIP rank,74.0,N,
2014,Iceland,352,CIP rank,cipRank,cipRank,CIP rank,74.0,N,
2015,Iceland,352,CIP rank,cipRank,cipRank,CIP rank,75.0,N,
2016,Iceland,352,CIP rank,cipRank,cipRank,CIP rank,74.0,N,
2017,Iceland,352,CIP rank,cipRank,cipRank,CIP rank,79.0,N,
2018,Iceland,352,CIP rank,cipRank,cipRank,CIP rank,75.0,N,
2019,Iceland,352,CIP rank,cipRank,cipRank,CIP rank,74.0,N,
2020,Iceland,352,CIP rank,cipRank,cipRank,CIP rank,80.0,N,
2021,Iceland,352,CIP rank,cipRank,cipRank,CIP rank,80.0,N,
2022,Iceland,352,CIP rank,cipRank,cipRank,CIP rank,78.0,N,
2023,Iceland,352,CIP rank,cipRank,cipRank,CIP rank,75.0,N,
1990,Norway,578,CIP score,cip,cip,CIP score,0.150779055377532,I,
1991,Norway,578,CIP score,cip,cip,CIP score,0.14673219858717,I,
1992,Norway,578,CIP score,cip,cip,CIP score,0.144542793210785,I,
1993,Norway,578,CIP score,cip,cip,CIP score,0.132643300656894,I,
1994,Norway,578,CIP score,cip,cip,CIP score,0.132625953968397,I,
1995,Norway,578,CIP score,cip,cip,CIP score,0.135803131966561,I,
1996,Norway,578,CIP score,cip,cip,CIP score,0.13573621751718,I,
1997,Norway,578,CIP score,cip,cip,CIP score,0.137094670039252,I,
1998,Norway,578,CIP score,cip,cip,CIP score,0.138389714801489,I,
1999,Norway,578,CIP score,cip,cip,CIP score,0.135661174403326,I,
2000,Norway,578,CIP score,cip,cip,CIP score,0.124244868569043,I,
2001,Norway,578,CIP score,cip,cip,CIP score,0.122131918890561,I,
2002,Norway,578,CIP score,cip,cip,CIP score,0.121111070933169,I,
2003,Norway,578,CIP score,cip,cip,CIP score,0.125171520649866,I,
2004,Norway,578,CIP score,cip,cip,CIP score,0.11869090274911,I,
2005,Norway,578,CIP score,cip,cip,CIP score,0.121718042352311,I,
2006,Norway,578,CIP score,cip,cip,CIP score,0.122626592409997,I,
2007,Norway,578,CIP score,cip,cip,CIP score,0.126422890145105,I,
2008,Norway,578,CIP score,cip,cip,CIP score,0.131766017898925,I,
2009,Norway,578,CIP score,cip,cip,CIP score,0.136251580923848,I,
2010,Norway,578,CIP score,cip,cip,CIP score,0.123561834820794,I,
2011,Norway,578,CIP score,cip,cip,CIP score,0.116623459516044,I,
2012,Norway,578,CIP score,cip,cip,CIP score,0.114047671972267,I,
2013,Norway,578,CIP score,cip,cip,CIP score,0.11501208773804,I,
2014,Norway,578,CIP score,cip,cip,CIP score,0.11050469453158,I,
2015,Norway,578,CIP score,cip,cip,CIP score,0.0970411117696649,I,
2016,Norway,578,CIP score,cip,cip,CIP score,0.091976551870088,I,
2017,Norway,578,CIP score,cip,cip,CIP score,0.0883048909234014,I,
2018,Norway,578,CIP score,cip,cip,CIP score,0.0862345927716137,I,
2019,Norway,578,CIP score,cip,cip,CIP score,0.087124900333633,I,
2020,Norway,578,CIP score,cip,cip,CIP score,0.0754545538895467,I,
2021,Norway,578,CIP score,cip,cip,CIP score,0.0720875542167881,I,
2022,Norway,578,CIP score,cip,cip,CIP score,0.0662276542219334,I,
2023,Norway,578,CIP score,cip,cip,CIP score,0.0743925129168405,I,
1990,Norway,578,CIP rank,cipRank,cipRank,CIP rank,21.0,N,
1991,Norway,578,CIP rank,cipRank,cipRank,CIP rank,21.0,N,
1992,Norway,578,CIP rank,cipRank,cipRank,CIP rank,23.0,N,
1993,Norway,578,CIP rank,cipRank,cipRank,CIP rank,24.0,N,
1994,Norway,578,CIP rank,cipRank,cipRank,CIP rank,25.0,N,
1995,Norway,578,CIP rank,cipRank,cipRank,CIP rank,25.0,N,
1996,Norway,578,CIP rank,cipRank,cipRank,CIP rank,25.0,N,
1997,Norway,578,CIP rank,cipRank,cipRank,CIP rank,25.0,N,
1998,Norway,578,CIP rank,cipRank,cipRank,CIP rank,24.0,N,
1999,Norway,578,CIP rank,cipRank,cipRank,CIP rank,24.0,N,
2000,Norway,578,CIP rank,cipRank,cipRank,CIP rank,28.0,N,
2001,Norway,578,CIP rank,cipRank,cipRank,CIP rank,29.0,N,
2002,Norway,578,CIP rank,cipRank,cipRank,CIP rank,29.0,N,
2003,Norway,578,CIP rank,cipRank,cipRank,CIP rank,29.0,N,
2004,Norway,578,CIP rank,cipRank,cipRank,CIP rank,29.0,N,
2005,Norway,578,CIP rank,cipRank,cipRank,CIP rank,29.0,N,
2006,Norway,578,CIP rank,cipRank,cipRank,CIP rank,30.0,N,
2007,Norway,578,CIP rank,cipRank,cipRank,CIP rank,30.0,N,
2008,Norway,578,CIP rank,cipRank,cipRank,CIP rank,30.0,N,
2009,Norway,578,CIP rank,cipRank,cipRank,CIP rank,29.0,N,
2010,Norway,578,CIP rank,cipRank,cipRank,CIP rank,32.0,N,
2011,Norway,578,CIP rank,cipRank,cipRank,CIP rank,33.0,N,
2012,Norway,578,CIP rank,cipRank,cipRank,CIP rank,32.0,N,
2013,Norway,578,CIP rank,cipRank,cipRank,CIP rank,32.0,N,
2014,Norway,578,CIP rank,cipRank,cipRank,CIP rank,32.0,N,
2015,Norway,578,CIP rank,cipRank,cipRank,CIP rank,35.0,N,
2016,Norway,578,CIP rank,cipRank,cipRank,CIP rank,37.0,N,
2017,Norway,578,CIP rank,cipRank,cipRank,CIP rank,38.0,N,
2018,Norway,578,CIP rank,cipRank,cipRank,CIP rank,38.0,N,
2019,Norway,578,CIP rank,cipRank,cipRank,CIP rank,38.0,N,
2020,Norway,578,CIP rank,cipRank,cipRank,CIP rank,40.0,N,
2021,Norway,578,CIP rank,cipRank,cipRank,CIP rank,41.0,N,
2022,Norway,578,CIP rank,cipRank,cipRank,CIP rank,42.0,N,
2023,Norway,578,CIP rank,cipRank,cipRank,CIP rank,40.0,N,
1990,Sweden,752,CIP score,cip,cip,CIP score,0.247053336941146,I,
1991,Sweden,752,CIP score,cip,cip,CIP score,0.24039141289231,I,
1992,Sweden,752,CIP score,cip,cip,CIP score,0.234526555503664,I,
1993,Sweden,752,CIP score,cip,cip,CIP score,0.22855963454754,I,
1994,Sweden,752,CIP score,cip,cip,CIP score,0.250232829892582,I,
1995,Sweden,752,CIP score,cip,cip,CIP score,0.257751995021725,I,
1996,Sweden,752,CIP score,cip,cip,CIP score,0.266826707253681,I,
1997,Sweden,752,CIP score,cip,cip,CIP score,0.269191988108458,I,
1998,Sweden,752,CIP score,cip,cip,CIP score,0.284291885535872,I,
1999,Sweden,752,CIP score,cip,cip,CIP score,0.273929136232421,I,
2000,Sweden,752,CIP score,cip,cip,CIP score,0.281510353332213,I,
2001,Sweden,752,CIP score,cip,cip,CIP score,0.26642711783502,I,
2002,Sweden,752,CIP score,cip,cip,CIP score,0.273893877535163,I,
2003,Sweden,752,CIP score,cip,cip,CIP score,0.2927919867888,I,
2004,Sweden,752,CIP score,cip,cip,CIP score,0.292355483239679,I,
2005,Sweden,752,CIP score,cip,cip,CIP score,0.287355624022566,I,
2006,Sweden,752,CIP score,cip,cip,CIP score,0.290069576555346,I,
2007,Sweden,752,CIP score,cip,cip,CIP score,0.287944982402055,I,
2008,Sweden,752,CIP score,cip,cip,CIP score,0.276787439318295,I,
2009,Sweden,752,CIP score,cip,cip,CIP score,0.248317399273761,I,
2010,Sweden,752,CIP score,cip,cip,CIP score,0.264086009064609,I,
2011,Sweden,752,CIP score,cip,cip,CIP score,0.259728201083902,I,
2012,Sweden,752,CIP score,cip,cip,CIP score,0.242800080926733,I,
2013,Sweden,752,CIP score,cip,cip,CIP score,0.232660392127202,I,
2014,Sweden,752,CIP score,cip,cip,CIP score,0.218211157210341,I,
2015,Sweden,752,CIP score,cip,cip,CIP score,0.203153343037718,I,
2016,Sweden,752,CIP score,cip,cip,CIP score,0.207356310000713,I,
2017,Sweden,752,CIP score,cip,cip,CIP score,0.205137733352679,I,
2018,Sweden,752,CIP score,cip,cip,CIP score,0.200759480101648,I,
2019,Sweden,752,CIP score,cip,cip,CIP score,0.196224703952007,I,
2020,Sweden,752,CIP score,cip,cip,CIP score,0.177696919170416,I,
2021,Sweden,752,CIP score,cip,cip,CIP score,0.177420750032983,I,
2022,Sweden,752,CIP score,cip,cip,CIP score,0.170875885954437,I,
2023,Sweden,752,CIP score,cip,cip,CIP score,0.181260042864876,I,
1990,Sweden,752,CIP rank,cipRank,cipRank,CIP rank,11.0,N,
1991,Sweden,752,CIP rank,cipRank,cipRank,CIP rank,12.0,N,
1992,Sweden,752,CIP rank,cipRank,cipRank,CIP rank,12.0,N,
1993,Sweden,752,CIP rank,cipRank,cipRank,CIP rank,13.0,N,
1994,Sweden,752,CIP rank,cipRank,cipRank,CIP rank,13.0,N,
1995,Sweden,752,CIP rank,cipRank,cipRank,CIP rank,13.0,N,
1996,Sweden,752,CIP rank,cipRank,cipRank,CIP rank,13.0,N,
1997,Sweden,752,CIP rank,cipRank,cipRank,CIP rank,14.0,N,
1998,Sweden,752,CIP rank,cipRank,cipRank,CIP rank,13.0,N,
1999,Sweden,752,CIP rank,cipRank,cipRank,CIP rank,14.0,N,
2000,Sweden,752,CIP rank,cipRank,cipRank,CIP rank,13.0,N,
2001,Sweden,752,CIP rank,cipRank,cipRank,CIP rank,14.0,N,
2002,Sweden,752,CIP rank,cipRank,cipRank,CIP rank,13.0,N,
2003,Sweden,752,CIP rank,cipRank,cipRank,CIP rank,12.0,N,
2004,Sweden,752,CIP rank,cipRank,cipRank,CIP rank,13.0,N,
2005,Sweden,752,CIP rank,cipRank,cipRank,CIP rank,13.0,N,
2006,Sweden,752,CIP rank,cipRank,cipRank,CIP rank,11.0,N,
2007,Sweden,752,CIP rank,cipRank,cipRank,CIP rank,14.0,N,
2008,Sweden,752,CIP rank,cipRank,cipRank,CIP rank,15.0,N,
2009,Sweden,752,CIP rank,cipRank,cipRank,CIP rank,16.0,N,
2010,Sweden,752,CIP rank,cipRank,cipRank,CIP rank,14.0,N,
2011,Sweden,752,CIP rank,cipRank,cipRank,CIP rank,13.0,N,
2012,Sweden,752,CIP rank,cipRank,cipRank,CIP rank,15.0,N,
2013,Sweden,752,CIP rank,cipRank,cipRank,CIP rank,16.0,N,
2014,Sweden,752,CIP rank,cipRank,cipRank,CIP rank,16.0,N,
2015,Sweden,752,CIP rank,cipRank,cipRank,CIP rank,16.0,N,
2016,Sweden,752,CIP rank,cipRank,cipRank,CIP rank,16.0,N,
2017,Sweden,752,CIP rank,cipRank,cipRank,CIP rank,17.0,N,
2018,Sweden,752,CIP rank,cipRank,cipRank,CIP rank,17.0,N,
2019,Sweden,752,CIP rank,cipRank,cipRank,CIP rank,17.0,N,
2020,Sweden,752,CIP rank,cipRank,cipRank,CIP rank,17.0,N,
2021,Sweden,752,CIP rank,cipRank,cipRank,CIP rank,15.0,N,
2022,Sweden,752,CIP rank,cipRank,cipRank,CIP rank,15.0,N,
2023,Sweden,752,CIP rank,cipRank,cipRank,CIP rank,16.0,N,
